<?xml version="1.0" encoding="utf-8"?>
<odoo>
    <data>
        
        <!-- Credential: CBPLC -->
        <record id="demo_credential_cbplc" model="motakamel.credential">
            <field name="program_id" ref="demo_program_cbplc"/>
            <field name="credential_name">Certified Business Professional in Leading Through Change</field>
            <field name="certificate_issued" eval="True"/>
            <field name="certificate_type">professional</field>
            <field name="certificate_serial_format">IBTA-CBPLC-{YEAR}-{NUMBER:05d}</field>
            <field name="issuing_authority">IBTA</field>
            <field name="certificate_delivery_days" eval="10"/>
            <field name="delivery_method">both</field>
            <field name="renewal_required" eval="False"/>
            <field name="verification_available" eval="True"/>
            <field name="verification_url">https://www.ibta.org/verify/CBPLC</field>
            <field name="verification_method">serial_number</field>
            <field name="digital_badge_available" eval="True"/>
            <field name="badge_platform">open_badges</field>
            <field name="linkedin_integration" eval="True"/>
            <field name="transcript_available" eval="True"/>
            <field name="active" eval="True"/>
        </record>
        
        <!-- Credential: PHRI -->
        <record id="demo_credential_phri" model="motakamel.credential">
            <field name="program_id" ref="demo_program_phri"/>
            <field name="credential_name">Professional in Human Resources – International (PHRI)</field>
            <field name="certificate_issued" eval="True"/>
            <field name="certificate_type">professional</field>
            <field name="certificate_serial_format">HRCI-PHRI-{YEAR}-{NUMBER:06d}</field>
            <field name="issuing_authority">HRCI</field>
            <field name="certificate_delivery_days" eval="14"/>
            <field name="delivery_method">both</field>
            <field name="renewal_required" eval="True"/>
            <field name="renewal_cycle_years" eval="3"/>
            <field name="continuing_education_required" eval="True"/>
            <field name="ce_hours_required" eval="60.0"/>
            <field name="verification_available" eval="True"/>
            <field name="verification_url">https://www.hrci.org/certification/verify/phri</field>
            <field name="verification_method">serial_number</field>
            <field name="digital_badge_available" eval="True"/>
            <field name="badge_platform">credly</field>
            <field name="linkedin_integration" eval="True"/>
            <field name="transcript_available" eval="True"/>
            <field name="wallet_card_available" eval="True"/>
            <field name="active" eval="True"/>
        </record>
        
        <!-- Credential: PMP -->
        <record id="demo_credential_pmp" model="motakamel.credential">
            <field name="program_id" ref="demo_program_pmp"/>
            <field name="credential_name">Project Management Professional (PMP)</field>
            <field name="certificate_issued" eval="True"/>
            <field name="certificate_type">professional</field>
            <field name="certificate_serial_format">PMI-PMP-{YEAR}-{NUMBER:07d}</field>
            <field name="issuing_authority">PMI</field>
            <field name="certificate_delivery_days" eval="21"/>
            <field name="delivery_method">both</field>
            <field name="renewal_required" eval="True"/>
            <field name="renewal_cycle_years" eval="3"/>
            <field name="continuing_education_required" eval="True"/>
            <field name="ce_hours_required" eval="35.0"/>
            <field name="verification_available" eval="True"/>
            <field name="verification_url">https://www.pmi.org/certifications/certified-project-managers/pmp/verify</field>
            <field name="verification_method">serial_number</field>
            <field name="digital_badge_available" eval="True"/>
            <field name="badge_platform">credly</field>
            <field name="linkedin_integration" eval="True"/>
            <field name="transcript_available" eval="True"/>
            <field name="wallet_card_available" eval="True"/>
            <field name="certificate_features">Embossed PMI seal, holographic security features, premium paper quality</field>
            <field name="active" eval="True"/>
        </record>
        
        <!-- Credential: CBPCS -->
        <record id="demo_credential_cbpcs" model="motakamel.credential">
            <field name="program_id" ref="demo_program_cbpcs"/>
            <field name="credential_name">Certified Business Professional in Customer Services</field>
            <field name="certificate_issued" eval="True"/>
            <field name="certificate_type">professional</field>
            <field name="certificate_serial_format">IBTA-CBPCS-{YEAR}-{NUMBER:05d}</field>
            <field name="issuing_authority">IBTA</field>
            <field name="certificate_delivery_days" eval="10"/>
            <field name="delivery_method">both</field>
            <field name="renewal_required" eval="False"/>
            <field name="verification_available" eval="True"/>
            <field name="verification_url">https://www.ibta.org/verify/CBPCS</field>
            <field name="verification_method">serial_number</field>
            <field name="digital_badge_available" eval="True"/>
            <field name="badge_platform">open_badges</field>
            <field name="linkedin_integration" eval="True"/>
            <field name="transcript_available" eval="True"/>
            <field name="active" eval="True"/>
        </record>
        
        <!-- Credential: CBPL -->
        <record id="demo_credential_cbpl" model="motakamel.credential">
            <field name="program_id" ref="demo_program_cbpl"/>
            <field name="credential_name">Certified Business Professional in Leadership</field>
            <field name="certificate_issued" eval="True"/>
            <field name="certificate_type">professional</field>
            <field name="certificate_serial_format">IBTA-CBPL-{YEAR}-{NUMBER:05d}</field>
            <field name="issuing_authority">IBTA</field>
            <field name="certificate_delivery_days" eval="10"/>
            <field name="delivery_method">both</field>
            <field name="renewal_required" eval="False"/>
            <field name="verification_available" eval="True"/>
            <field name="verification_url">https://www.ibta.org/verify/CBPL</field>
            <field name="verification_method">serial_number</field>
            <field name="digital_badge_available" eval="True"/>
            <field name="badge_platform">open_badges</field>
            <field name="linkedin_integration" eval="True"/>
            <field name="transcript_available" eval="True"/>
            <field name="active" eval="True"/>
        </record>
        
    </data>
</odoo>
