<?xml version="1.0" encoding="utf-8"?>
<odoo>
    <data noupdate="1">
        
        <!-- Sequence for Program IDs -->
        <record id="seq_motakamel_program" model="ir.sequence">
            <field name="name">Motakamel Program Sequence</field>
            <field name="code">motakamel.program</field>
            <field name="prefix">PROG-</field>
            <field name="padding">5</field>
            <field name="number_next">1</field>
            <field name="number_increment">1</field>
        </record>
        
    </data>
</odoo>
